iter	Passed	Remaining
0	0	117
1	0	112
2	0	107
3	0	106
4	0	104
5	0	103
6	0	102
7	0	102
8	0	101
9	1	102
10	1	101
11	1	101
12	1	100
13	1	99
14	1	99
15	1	99
16	1	99
17	1	99
18	1	99
19	2	99
20	2	99
21	2	99
22	2	99
23	2	99
24	2	99
25	2	98
26	2	98
27	2	98
28	2	98
29	3	98
30	3	97
31	3	97
32	3	97
33	3	98
34	3	97
35	3	97
36	3	97
37	3	97
38	3	97
39	4	97
40	4	97
41	4	96
42	4	96
43	4	96
44	4	96
45	4	96
46	4	96
47	4	95
48	4	95
49	5	95
50	5	95
51	5	95
52	5	95
53	5	95
54	5	95
55	5	95
56	5	94
57	5	94
58	5	94
59	6	94
60	6	94
61	6	94
62	6	93
63	6	93
64	6	93
65	6	93
66	6	93
67	6	93
68	6	93
69	7	93
70	7	93
71	7	93
72	7	93
73	7	92
74	7	92
75	7	92
76	7	92
77	7	93
78	8	93
79	8	93
80	8	93
81	8	93
82	8	93
83	8	92
84	8	92
85	8	92
86	8	92
87	8	92
88	9	92
89	9	92
90	9	92
91	9	91
92	9	91
93	9	91
94	9	91
95	9	91
96	9	91
97	9	91
98	9	90
99	10	90
100	10	91
101	10	90
102	10	90
103	10	90
104	10	90
105	10	90
106	10	90
107	10	90
108	11	90
109	11	90
110	11	90
111	11	90
112	11	90
113	11	89
114	11	89
115	11	89
116	11	89
117	11	89
118	12	89
119	12	89
120	12	89
121	12	89
122	12	88
123	12	88
124	12	88
125	12	88
126	12	88
127	12	88
128	13	88
129	13	88
130	13	88
131	13	87
132	13	87
133	13	87
134	13	87
135	13	87
136	13	87
137	13	87
138	14	87
139	14	87
140	14	86
141	14	86
142	14	86
143	14	86
144	14	86
145	14	86
146	14	86
147	14	86
148	15	85
149	15	85
150	15	85
151	15	85
152	15	85
153	15	85
154	15	85
155	15	85
156	15	85
157	15	84
158	16	84
159	16	84
160	16	84
161	16	84
162	16	84
163	16	84
164	16	84
165	16	84
166	16	84
167	16	84
168	17	83
169	17	83
170	17	83
171	17	83
172	17	83
173	17	83
174	17	83
175	17	83
176	17	82
177	17	82
178	18	82
179	18	82
180	18	82
181	18	82
182	18	82
183	18	82
184	18	82
185	18	82
186	18	82
187	18	81
188	19	81
189	19	81
190	19	81
191	19	81
192	19	81
193	19	81
194	19	81
195	19	81
196	19	80
197	19	80
198	20	80
199	20	80
200	20	80
201	20	80
202	20	80
203	20	80
204	20	80
205	20	79
206	20	80
207	21	79
208	21	79
209	21	79
210	21	79
211	21	79
212	21	79
213	21	79
214	21	79
215	21	79
216	21	78
217	21	78
218	22	78
219	22	78
220	22	78
221	22	78
222	22	78
223	22	78
224	22	78
225	22	77
226	22	77
227	22	77
228	23	77
229	23	77
230	23	77
231	23	77
232	23	77
233	23	77
234	23	77
235	23	76
236	23	76
237	23	76
238	24	76
239	24	76
240	24	76
241	24	76
242	24	76
243	24	76
244	24	76
245	24	76
246	24	75
247	24	75
248	25	75
249	25	75
250	25	75
251	25	75
252	25	75
253	25	75
254	25	75
255	25	75
256	25	74
257	26	74
258	26	74
259	26	74
260	26	74
261	26	74
262	26	74
263	26	74
264	26	74
265	26	73
266	26	73
267	26	73
268	27	73
269	27	73
270	27	73
271	27	73
272	27	73
273	27	73
274	27	72
275	27	72
276	27	72
277	27	72
278	28	72
279	28	72
280	28	72
281	28	72
282	28	72
283	28	71
284	28	71
285	28	71
286	28	71
287	28	71
288	29	71
289	29	71
290	29	71
291	29	71
292	29	71
293	29	71
294	29	71
295	29	71
296	29	70
297	30	70
298	30	70
299	30	70
300	30	70
301	30	70
302	30	70
303	30	70
304	30	70
305	30	69
306	30	69
307	31	69
308	31	69
309	31	69
310	31	69
311	31	69
312	31	69
313	31	69
314	31	69
315	31	68
316	31	68
317	32	68
318	32	68
319	32	68
320	32	68
321	32	68
322	32	68
323	32	68
324	32	67
325	32	67
326	32	67
327	33	67
328	33	67
329	33	67
330	33	67
331	33	67
332	33	67
333	33	67
334	33	66
335	33	66
336	33	66
337	33	66
338	34	66
339	34	66
340	34	66
341	34	66
342	34	66
343	34	65
344	34	65
345	34	65
346	34	65
347	34	65
348	35	65
349	35	65
350	35	65
351	35	65
352	35	64
353	35	64
354	35	64
355	35	64
356	35	64
357	35	64
358	36	64
359	36	64
360	36	64
361	36	64
362	36	63
363	36	63
364	36	63
365	36	63
366	36	63
367	37	63
368	37	63
369	37	63
370	37	63
371	37	63
372	37	63
373	37	62
374	37	62
375	37	62
376	37	62
377	38	62
378	38	62
379	38	62
380	38	62
381	38	62
382	38	61
383	38	61
384	38	61
385	38	61
386	38	61
387	38	61
388	39	61
389	39	61
390	39	61
391	39	61
392	39	60
393	39	60
394	39	60
395	39	60
396	39	60
397	39	60
398	40	60
399	40	60
400	40	60
401	40	60
402	40	59
403	40	59
404	40	59
405	40	59
406	40	59
407	40	59
408	41	59
409	41	59
410	41	59
411	41	58
412	41	58
413	41	58
414	41	58
415	41	58
416	41	58
417	41	58
418	42	58
419	42	58
420	42	58
421	42	57
422	42	57
423	42	57
424	42	57
425	42	57
426	42	57
427	42	57
428	42	57
429	43	57
430	43	57
431	43	56
432	43	56
433	43	56
434	43	56
435	43	56
436	43	56
437	43	56
438	43	56
439	44	56
440	44	55
441	44	55
442	44	55
443	44	55
444	44	55
445	44	55
446	44	55
447	44	55
448	44	55
449	45	55
450	45	54
451	45	54
452	45	54
453	45	54
454	45	54
455	45	54
456	45	54
457	45	54
458	45	54
459	45	53
460	46	53
461	46	53
462	46	53
463	46	53
464	46	53
465	46	53
466	46	53
467	46	53
468	46	53
469	46	52
470	46	52
471	47	52
472	47	52
473	47	52
474	47	52
475	47	52
476	47	52
477	47	52
478	47	51
479	47	51
480	47	51
481	48	51
482	48	51
483	48	51
484	48	51
485	48	51
486	48	51
487	48	51
488	48	50
489	48	50
490	48	50
491	49	50
492	49	50
493	49	50
494	49	50
495	49	50
496	49	50
497	49	50
498	49	49
499	49	49
500	49	49
501	49	49
502	50	49
503	50	49
504	50	49
505	50	49
506	50	49
507	50	48
508	50	48
509	50	48
510	50	48
511	50	48
512	51	48
513	51	48
514	51	48
515	51	48
516	51	48
517	51	47
518	51	47
519	51	47
520	51	47
521	51	47
522	52	47
523	52	47
524	52	47
525	52	47
526	52	47
527	52	46
528	52	46
529	52	46
530	52	46
531	52	46
532	53	46
533	53	46
534	53	46
535	53	46
536	53	46
537	53	45
538	53	45
539	53	45
540	53	45
541	53	45
542	53	45
543	54	45
544	54	45
545	54	45
546	54	45
547	54	44
548	54	44
549	54	44
550	54	44
551	54	44
552	54	44
553	55	44
554	55	44
555	55	44
556	55	43
557	55	43
558	55	43
559	55	43
560	55	43
561	55	43
562	55	43
563	55	43
564	56	43
565	56	43
566	56	42
567	56	42
568	56	42
569	56	42
570	56	42
571	56	42
572	56	42
573	56	42
574	56	42
575	57	42
576	57	41
577	57	41
578	57	41
579	57	41
580	57	41
581	57	41
582	57	41
583	57	41
584	57	41
585	58	41
586	58	40
587	58	40
588	58	40
589	58	40
590	58	40
591	58	40
592	58	40
593	58	40
594	58	40
595	59	40
596	59	39
597	59	39
598	59	39
599	59	39
600	59	39
601	59	39
602	59	39
603	59	39
604	59	39
605	60	39
606	60	38
607	60	38
608	60	38
609	60	38
610	60	38
611	60	38
612	60	38
613	60	38
614	60	38
615	61	38
616	61	37
617	61	37
618	61	37
619	61	37
620	61	37
621	61	37
622	61	37
623	61	37
624	61	37
625	62	37
626	62	36
627	62	36
628	62	36
629	62	36
630	62	36
631	62	36
632	62	36
633	62	36
634	62	36
635	63	36
636	63	35
637	63	35
638	63	35
639	63	35
640	63	35
641	63	35
642	63	35
643	63	35
644	63	35
645	63	35
646	64	34
647	64	34
648	64	34
649	64	34
650	64	34
651	64	34
652	64	34
653	64	34
654	64	34
655	64	34
656	65	33
657	65	33
658	65	33
659	65	33
660	65	33
661	65	33
662	65	33
663	65	33
664	65	33
665	65	33
666	65	32
667	66	32
668	66	32
669	66	32
670	66	32
671	66	32
672	66	32
673	66	32
674	66	32
675	66	32
676	66	31
677	67	31
678	67	31
679	67	31
680	67	31
681	67	31
682	67	31
683	67	31
684	67	31
685	67	31
686	67	30
687	67	30
688	68	30
689	68	30
690	68	30
691	68	30
692	68	30
693	68	30
694	68	30
695	68	30
696	68	29
697	68	29
698	69	29
699	69	29
700	69	29
701	69	29
702	69	29
703	69	29
704	69	29
705	69	29
706	69	28
707	69	28
708	69	28
709	69	28
710	70	28
711	70	28
712	70	28
713	70	28
714	70	28
715	70	27
716	70	27
717	70	27
718	70	27
719	70	27
720	71	27
721	71	27
722	71	27
723	71	27
724	71	27
725	71	26
726	71	26
727	71	26
728	71	26
729	71	26
730	71	26
731	72	26
732	72	26
733	72	26
734	72	26
735	72	25
736	72	25
737	72	25
738	72	25
739	72	25
740	72	25
741	73	25
742	73	25
743	73	25
744	73	25
745	73	24
746	73	24
747	73	24
748	73	24
749	73	24
750	73	24
751	73	24
752	74	24
753	74	24
754	74	24
755	74	23
756	74	23
757	74	23
758	74	23
759	74	23
760	74	23
761	74	23
762	75	23
763	75	23
764	75	23
765	75	23
766	75	22
767	75	22
768	75	22
769	75	22
770	75	22
771	75	22
772	75	22
773	76	22
774	76	22
775	76	22
776	76	21
777	76	21
778	76	21
779	76	21
780	76	21
781	76	21
782	76	21
783	77	21
784	77	21
785	77	21
786	77	20
787	77	20
788	77	20
789	77	20
790	77	20
791	77	20
792	77	20
793	77	20
794	78	20
795	78	20
796	78	19
797	78	19
798	78	19
799	78	19
800	78	19
801	78	19
802	78	19
803	78	19
804	79	19
805	79	19
806	79	18
807	79	18
808	79	18
809	79	18
810	79	18
811	79	18
812	79	18
813	79	18
814	79	18
815	80	18
816	80	17
817	80	17
818	80	17
819	80	17
820	80	17
821	80	17
822	80	17
823	80	17
824	80	17
825	81	17
826	81	16
827	81	16
828	81	16
829	82	16
830	82	16
831	82	16
832	82	16
833	82	16
834	82	16
835	82	16
836	82	16
837	82	16
838	83	15
839	83	15
840	83	15
841	83	15
842	83	15
843	83	15
844	83	15
845	83	15
846	83	15
847	83	15
848	83	14
849	84	14
850	84	14
851	84	14
852	84	14
853	84	14
854	84	14
855	84	14
856	84	14
857	84	14
858	84	13
859	85	13
860	85	13
861	85	13
862	85	13
863	85	13
864	85	13
865	85	13
866	85	13
867	85	13
868	85	12
869	85	12
870	86	12
871	86	12
872	86	12
873	86	12
874	86	12
875	86	12
876	86	12
877	86	12
878	86	11
879	86	11
880	86	11
881	87	11
882	87	11
883	87	11
884	87	11
885	87	11
886	87	11
887	87	11
888	87	10
889	87	10
890	87	10
891	88	10
892	88	10
893	88	10
894	88	10
895	88	10
896	88	10
897	88	10
898	88	9
899	88	9
900	88	9
901	88	9
902	89	9
903	89	9
904	89	9
905	89	9
906	89	9
907	89	9
908	89	8
909	89	8
910	89	8
911	89	8
912	90	8
913	90	8
914	90	8
915	90	8
916	90	8
917	90	8
918	90	7
919	90	7
920	90	7
921	90	7
922	90	7
923	91	7
924	91	7
925	91	7
926	91	7
927	91	7
928	91	6
929	91	6
930	91	6
931	91	6
932	91	6
933	92	6
934	92	6
935	92	6
936	92	6
937	92	6
938	92	6
939	92	5
940	92	5
941	92	5
942	92	5
943	92	5
944	93	5
945	93	5
946	93	5
947	93	5
948	93	5
949	93	4
950	93	4
951	93	4
952	93	4
953	93	4
954	93	4
955	94	4
956	94	4
957	94	4
958	94	4
959	94	3
960	94	3
961	94	3
962	94	3
963	94	3
964	94	3
965	95	3
966	95	3
967	95	3
968	95	3
969	95	2
970	95	2
971	95	2
972	95	2
973	95	2
974	95	2
975	96	2
976	96	2
977	96	2
978	96	2
979	96	1
980	96	1
981	96	1
982	96	1
983	96	1
984	96	1
985	96	1
986	97	1
987	97	1
988	97	1
989	97	0
990	97	0
991	97	0
992	97	0
993	97	0
994	97	0
995	97	0
996	97	0
997	98	0
998	98	0
999	98	0
